Title;Content;Author;Date;Link;Comments;Likes;Retweets;Hashtags
Milorad Dodik dit être à Moscou alors qu’il est recherché par la justice de Bosnie;Milorad Dodik dit être à Moscou alors qu’il est recherché par la justice de Bosnie;Le Monde;2025-03-31T20:44:10.392891+00:00;at://did:plc:qqxqxgdu5z3he2piqfbfaku4/app.bsky.feed.post/3llp7xr37gr26;Unavailable;Unavailable;Unavailable;None
Condamnation de Marine Le Pen : la sanction d’un « système destiné à constituer une véritable manne financière pour le parti » et de ses auteurs;Condamnation de Marine Le Pen : la sanction d’un « système destiné à constituer une véritable manne financière pour le parti » et de ses auteurs;Le Monde;2025-03-31T20:33:11.594147+00:00;at://did:plc:qqxqxgdu5z3he2piqfbfaku4/app.bsky.feed.post/3llp7e4s7we2m;Unavailable;Unavailable;Unavailable;None
Condamnation de Marine Le Pen : les magistrats menacés, Gérald Darmanin et le PS au soutien;Condamnation de Marine Le Pen : les magistrats menacés, Gérald Darmanin et le PS au soutien;Libération;2025-03-31T20:32:00.380Z;at://did:plc:uo4didwt5qe4onrscbmqwvwm/app.bsky.feed.post/3llp7bz33lp2x;Unavailable;Unavailable;Unavailable;None
« Sans déni de démocratie » : une constitutionnaliste décrypte la condamnation de Marine Le Pen;La condamnation de Marine Le Pen reflète une stricte application du droit, « sans déni de démocratie », « ni gouvernement des juges » car ceux-ci ne sont que « la bouche de la loi », analyse la constitutionnaliste Anne-Charlène Bezzina, maître de conférences en droit public à l’université de Rouen.;La Voix du Nord;2025-03-31T20:29:24.000Z;at://did:plc:5gboqophxgbh7htucfhyt5gb/app.bsky.feed.post/3llp75y32fa2u;Unavailable;Unavailable;Unavailable;None
Série «Kaboul» : un suspense qui tourne à vide;La série «Kaboul», diffusée à partir de ce lundi sur France TV, se concentre sur les quinze jours d’août 2021, lorsque les talibans ont repris le pouvoir. Sans ne serait-ce qu’effleurer les causes de leur retour.  Notre critique :;Libération;2025-03-31T19:52:34.246Z;at://did:plc:uo4didwt5qe4onrscbmqwvwm/app.bsky.feed.post/3llp53igy5o2l;Unavailable;Unavailable;Unavailable;None
;❌📺 Le divorce coûteux de Squeezie, Norman et Cyprien  Longtemps associés à Cyprien dans une société, Squeezie et Norman ont vendu leurs parts. Une opération qui fait perdre gros aux stars de YouTube. #rediff  ▶️ l.linforme.com/3ardz...;L'Informé;2025-03-31T19:45:24.000Z;at://did:plc:tdyjwg5a35ykrz3fxsswnrol/app.bsky.feed.post/3llp4ootufq2r;Unavailable;Unavailable;Unavailable;#rediff
La condamnation de Marine Le Pen comparée avec la « guerre judiciaire » contre Trump par les États-Unis;Washington compare la condamnation de Le Pen avec la « guerre judiciaire » contre Trump;Le HuffPost;2025-03-31T19:41:17+00:00;at://did:plc:3dkkhd6dqiqswrxnitge3axp/app.bsky.feed.post/3llp4hdmeug2j;Unavailable;Unavailable;Unavailable;None
Etats-Unis : après le Kennedy Center, le Smithsonian est dans le viseur révisionniste de Trump;Etats-Unis : après le Kennedy Center, le Smithsonian est dans le viseur révisionniste de Trump  L’administration a publié un décret s’attaquant à l’immense réseau culturel de Washington, avec comme ambition de le «sauver» d’une «idéologie corrosive»;Libération;2025-03-31T19:40:59.011Z;at://did:plc:uo4didwt5qe4onrscbmqwvwm/app.bsky.feed.post/3llp4grhf442b;Unavailable;Unavailable;Unavailable;None
Guide Michelin : prix du «jeune chef» et première étoile pour Valentina Giacobbe et le Ginko à Lille;⭐ Le guide Michelin, qui a 125 ans cette année, a dévoilé lundi ses nouvelles étoiles françaises lors d’une conférence à Metz, à laquelle étaient conviés tous les chefs étoilés de France, ainsi que les futurs récompensés.;La Voix du Nord;2025-03-31T19:40:57.000Z;at://did:plc:5gboqophxgbh7htucfhyt5gb/app.bsky.feed.post/3llp4gtlvkz2n;Unavailable;Unavailable;Unavailable;None
"Al Gore : ""la révolution des énergies renouvelables est inarrêtable"", même par Donald Trump";"Al Gore : ""la révolution des énergies renouvelables est inarrêtable"", même par Donald Trump";FRANCE 24;2025-03-31T19:39:12Z;at://did:plc:wkreszch2k4mumsrlkeaflgn/app.bsky.feed.post/3llp4dljqfi2w;Unavailable;Unavailable;Unavailable;None
